Workbook

Sheet Master
A1: S.No | B1: Name | C1: Department | D1: Roll No | E1: Category | F1: Valid Upto | G1: Blood Group | H1: Date of Birth | I1: Residential Address | J1: Mobile No | K1: Emergency Contact No | L1: PDS Mark | M1: PDS Grade | N1: PDS % | O1: ADS Mark | P1: ADS Grade | Q1: ADS % | R1: DAA Mark | S1: DAA Grade | T1: DAA % | U1: DBMS Mark | V1: DBMS Grade | W1: DBMS % | X1: AJP Mark | Y1: AJP Grade | Z1: AJP % | AA1: OOPS Mark | AB1: OOPS Grade | AC1: OOPS % | AD1: Total Marks | AE1: Average % | AF1: Overall Result
A2: 1 | B2: ABHIRAJ KUMAR | C2: B.E-CSE(CYBER) | D2: 24CY001 | E2: Hosteller | F2: 2027-05-31 | G2: AB+ | H2: 2004-10-29 | I2: 460 Main Road, Coimbatore | J2: 9268574666 | K2: 8109568700 | L2: 84 | M2: A+ | N2: 84 | O2: 86 | P2: A+ | Q2: 86 | R2: 78 | S2: A | T2: 78 | U2: 87 | V2: A+ | W2: 87 | X2: 60 | Y2: B+ | Z2: 60 | AA2: 41 | AB2: RA | AC2: 41 | AD2: =SUM(L2,O2,R2,U2,X2,AA2) -> 436 | AE2: =AD2/6 -> 72.666667 | AF2: =IF(SUM(COUNTIF(M2,"RA"),COUNTIF(P2,"RA"),COUNTIF(S2,"RA"),COUNTIF(V2,"RA"),COUNTIF(Y2,"RA"),COUNTIF(AB2,"RA"))>0,"FAIL","PASS") -> FAIL
A3: 2 | B3: ADHARSHA S T | C3: B.E-CSE(CYBER) | D3: 24CY002 | E3: Hosteller | F3: 2027-05-31 | G3: O- | H3: 2002-08-25 | I3: 485 Main Road, Coimbatore | J3: 9020642028 | K3: 8443228721 | L3: 56 | M3: B | N3: 56 | O3: 77 | P3: A | Q3: 77 | R3: 88 | S3: A+ | T3: 88 | U3: 95 | V3: O | W3: 95 | X3: 72 | Y3: A | Z3: 72 | AA3: 93 | AB3: O | AC3: 93 | AD3: =SUM(L3,O3,R3,U3,X3,AA3) -> 481 | AE3: =AD3/6 -> 80.166667 | AF3: =IF(SUM(COUNTIF(M3,"RA"),COUNTIF(P3,"RA"),COUNTIF(S3,"RA"),COUNTIF(V3,"RA"),COUNTIF(Y3,"RA"),COUNTIF(AB3,"RA"))>0,"FAIL","PASS") -> PASS
A4: 3 | B4: AFTHAF AHAMED A | C4: B.E-CSE(CYBER) | D4: 24CY003 | E4: Dayscholar | F4: 2027-05-31 | G4: AB+ | H4: 2002-08-14 | I4: 660 Main Road, Coimbatore | J4: 9302575995 | K4: 8686948428 | L4: 84 | M4: A+ | N4: 84 | O4: 55 | P4: B | Q4: 55 | R4: 68 | S4: B+ | T4: 68 | U4: 94 | V4: O | W4: 94 | X4: 89 | Y4: A+ | Z4: 89 | AA4: 79 | AB4: A | AC4: 79 | AD4: =SUM(L4,O4,R4,U4,X4,AA4) -> 469 | AE4: =AD4/6 -> 78.166667 | AF4: =IF(SUM(COUNTIF(M4,"RA"),COUNTIF(P4,"RA"),COUNTIF(S4,"RA"),COUNTIF(V4,"RA"),COUNTIF(Y4,"RA"),COUNTIF(AB4,"RA"))>0,"FAIL","PASS") -> PASS
A5: 4 | B5: AKALYA M | C5: B.E-CSE(CYBER) | D5: 24CY004 | E5: Hosteller | F5: 2027-05-31 | G5: O+ | H5: 2004-03-29 | I5: 727 Main Road, Coimbatore | J5: 9020872140 | K5: 8936698460 | L5: 76 | M5: A | N5: 76 | O5: 92 | P5: O | Q5: 92 | R5: 72 | S5: A | T5: 72 | U5: 67 | V5: B+ | W5: 67 | X5: 78 | Y5: A | Z5: 78 | AA5: 41 | AB5: RA | AC5: 41 | AD5: =SUM(L5,O5,R5,U5,X5,AA5) -> 426 | AE5: =AD5/6 -> 71 | AF5: =IF(SUM(COUNTIF(M5,"RA"),COUNTIF(P5,"RA"),COUNTIF(S5,"RA"),COUNTIF(V5,"RA"),COUNTIF(Y5,"RA"),COUNTIF(AB5,"RA"))>0,"FAIL","PASS") -> FAIL
A6: 5 | B6: AKASH S | C6: B.E-CSE(CYBER) | D6: 24CY005 | E6: Hosteller | F6: 2027-05-31 | G6: B- | H6: 2005-12-27 | I6: 35 Main Road, Coimbatore | J6: 9588104505 | K6: 8149738682 | L6: 40 | M6: RA | N6: 40 | O6: 78 | P6: A | Q6: 78 | R6: 90 | S6: O | T6: 90 | U6: 75 | V6: A | W6: 75 | X6: 81 | Y6: A+ | Z6: 81 | AA6: 65 | AB6: B+ | AC6: 65 | AD6: =SUM(L6,O6,R6,U6,X6,AA6) -> 429 | AE6: =AD6/6 -> 71.5 | AF6: =IF(SUM(COUNTIF(M6,"RA"),COUNTIF(P6,"RA"),COUNTIF(S6,"RA"),COUNTIF(V6,"RA"),COUNTIF(Y6,"RA"),COUNTIF(AB6,"RA"))>0,"FAIL","PASS") -> FAIL
A7: 6 | B7: AKHILESH S | C7: B.E-CSE(CYBER) | D7: 24CY006 | E7: Dayscholar | F7: 2027-05-31 | G7: A- | H7: 2002-03-18 | I7: 327 Main Road, Coimbatore | J7: 9570930291 | K7: 8050400691 | L7: 71 | M7: A | N7: 71 | O7: 65 | P7: B+ | Q7: 65 | R7: 60 | S7: B+ | T7: 60 | U7: 100 | V7: O | W7: 100 | X7: 76 | Y7: A | Z7: 76 | AA7: 98 | AB7: O | AC7: 98 | AD7: =SUM(L7,O7,R7,U7,X7,AA7) -> 470 | AE7: =AD7/6 -> 78.333333 | AF7: =IF(SUM(COUNTIF(M7,"RA"),COUNTIF(P7,"RA"),COUNTIF(S7,"RA"),COUNTIF(V7,"RA"),COUNTIF(Y7,"RA"),COUNTIF(AB7,"RA"))>0,"FAIL","PASS") -> PASS
A8: 7 | B8: AKSHAYA V L | C8: B.E-CSE(CYBER) | D8: 24CY007 | E8: Hosteller | F8: 2027-05-31 | G8: A+ | H8: 2002-03-17 | I8: 350 Main Road, Coimbatore | J8: 9338132305 | K8: 8620626809 | L8: 46 | M8: RA | N8: 46 | O8: 56 | P8: B | Q8: 56 | R8: 60 | S8: B+ | T8: 60 | U8: 85 | V8: A+ | W8: 85 | X8: 70 | Y8: A | Z8: 70 | AA8: 97 | AB8: O | AC8: 97 | AD8: =SUM(L8,O8,R8,U8,X8,AA8) -> 414 | AE8: =AD8/6 -> 69 | AF8: =IF(SUM(COUNTIF(M8,"RA"),COUNTIF(P8,"RA"),COUNTIF(S8,"RA"),COUNTIF(V8,"RA"),COUNTIF(Y8,"RA"),COUNTIF(AB8,"RA"))>0,"FAIL","PASS") -> FAIL
A9: 8 | B9: AKSHITA K | C9: B.E-CSE(CYBER) | D9: 24CY008 | E9: Dayscholar | F9: 2027-05-31 | G9: AB- | H9: 2003-06-16 | I9: 587 Main Road, Coimbatore | J9: 9594220980 | K9: 8827664779 | L9: 85 | M9: A+ | N9: 85 | O9: 84 | P9: A+ | Q9: 84 | R9: 98 | S9: O | T9: 98 | U9: 93 | V9: O | W9: 93 | X9: 76 | Y9: A | Z9: 76 | AA9: 67 | AB9: B+ | AC9: 67 | AD9: =SUM(L9,O9,R9,U9,X9,AA9) -> 503 | AE9: =AD9/6 -> 83.833333 | AF9: =IF(SUM(COUNTIF(M9,"RA"),COUNTIF(P9,"RA"),COUNTIF(S9,"RA"),COUNTIF(V9,"RA"),COUNTIF(Y9,"RA"),COUNTIF(AB9,"RA"))>0,"FAIL","PASS") -> PASS
A10: 9 | B10: AKSHIYA C | C10: B.E-CSE(CYBER) | D10: 24CY009 | E10: Hosteller | F10: 2027-05-31 | G10: B- | H10: 2005-12-04 | I10: 753 Main Road, Coimbatore | J10: 9694940010 | K10: 8834556731 | L10: 86 | M10: A+ | N10: 86 | O10: 61 | P10: B+ | Q10: 61 | R10: 89 | S10: A+ | T10: 89 | U10: 83 | V10: A+ | W10: 83 | X10: 85 | Y10: A+ | Z10: 85 | AA10: 81 | AB10: A+ | AC10: 81 | AD10: =SUM(L10,O10,R10,U10,X10,AA10) -> 485 | AE10: =AD10/6 -> 80.833333 | AF10: =IF(SUM(COUNTIF(M10,"RA"),COUNTIF(P10,"RA"),COUNTIF(S10,"RA"),COUNTIF(V10,"RA"),COUNTIF(Y10,"RA"),COUNTIF(AB10,"RA"))>0,"FAIL","PASS") -> PASS
A11: 10 | B11: ANUPRIYA S | C11: B.E-CSE(CYBER) | D11: 24CY010 | E11: Hosteller | F11: 2027-05-31 | G11: A+ | H11: 2002-08-03 | I11: 147 Main Road, Coimbatore | J11: 9709676577 | K11: 8602073136 | L11: 85 | M11: A+ | N11: 85 | O11: 83 | P11: A+ | Q11: 83 | R11: 62 | S11: B+ | T11: 62 | U11: 63 | V11: B+ | W11: 63 | X11: 87 | Y11: A+ | Z11: 87 | AA11: 66 | AB11: B+ | AC11: 66 | AD11: =SUM(L11,O11,R11,U11,X11,AA11) -> 446 | AE11: =AD11/6 -> 74.333333 | AF11: =IF(SUM(COUNTIF(M11,"RA"),COUNTIF(P11,"RA"),COUNTIF(S11,"RA"),COUNTIF(V11,"RA"),COUNTIF(Y11,"RA"),COUNTIF(AB11,"RA"))>0,"FAIL","PASS") -> PASS
A12: 11 | B12: ANUVARSHINI P V | C12: B.E-CSE(CYBER) | D12: 24CY011 | E12: Hosteller | F12: 2027-05-31 | G12: A+ | H12: 2005-01-23 | I12: 440 Main Road, Coimbatore | J12: 9557076178 | K12: 8832966321 | L12: 76 | M12: A | N12: 76 | O12: 73 | P12: A | Q12: 73 | R12: 90 | S12: O | T12: 90 | U12: 95 | V12: O | W12: 95 | X12: 89 | Y12: A+ | Z12: 89 | AA12: 73 | AB12: A | AC12: 73 | AD12: =SUM(L12,O12,R12,U12,X12,AA12) -> 496 | AE12: =AD12/6 -> 82.666667 | AF12: =IF(SUM(COUNTIF(M12,"RA"),COUNTIF(P12,"RA"),COUNTIF(S12,"RA"),COUNTIF(V12,"RA"),COUNTIF(Y12,"RA"),COUNTIF(AB12,"RA"))>0,"FAIL","PASS") -> PASS
A13: 12 | B13: ARAVIND SREESANTH S | C13: B.E-CSE(CYBER) | D13: 24CY012 | E13: Hosteller | F13: 2027-05-31 | G13: AB- | H13: 2004-05-23 | I13: 381 Main Road, Coimbatore | J13: 9476810239 | K13: 8230563547 | L13: 51 | M13: B | N13: 51 | O13: 80 | P13: A+ | Q13: 80 | R13: 54 | S13: B | T13: 54 | U13: 64 | V13: B+ | W13: 64 | X13: 71 | Y13: A | Z13: 71 | AA13: 85 | AB13: A+ | AC13: 85 | AD13: =SUM(L13,O13,R13,U13,X13,AA13) -> 405 | AE13: =AD13/6 -> 67.5 | AF13: =IF(SUM(COUNTIF(M13,"RA"),COUNTIF(P13,"RA"),COUNTIF(S13,"RA"),COUNTIF(V13,"RA"),COUNTIF(Y13,"RA"),COUNTIF(AB13,"RA"))>0,"FAIL","PASS") -> PASS
... A897: 896 | B897: YASIR PARVEZ Z | C897: IT | D897: 24CY1896 | E897: Dayscholar | F897: 2027-05-31 | G897: B+ | H897: 2005-03-25 | I897: 776 Main Road, Coimbatore | J897: 9918401324 | K897: 8139371901 | L897: 95 | M897: O | N897: 95 | O897: 69 | P897: B+ | Q897: 69 | R897: 41 | S897: RA | T897: 41 | U897: 79 | V897: A | W897: 79 | X897: 89 | Y897: A+ | Z897: 89 | AA897: 100 | AB897: O | AC897: 100 | AD897: =SUM(L897,O897,R897,U897,X897,AA897) -> 473 | AE897: =AD897/6 -> 78.833333 | AF897: =IF(SUM(COUNTIF(M897,"RA"),COUNTIF(P897,"RA"),COUNTIF(S897,"RA"),COUNTIF(V897,"RA"),COUNTIF(Y897,"RA"),COUNTIF(AB897,"RA"))>0,"FAIL","PASS") -> FAIL
A899: Note: Marks were matched to students by row order (source marks file row 2 -> student row 2, etc.). The marks workbook originally contained 910 rows; only the first 896 (matching the student roster) were used. Confirm this ordering reflects the correct student-to-mark mapping.

Sheet Summary
A1: CYBER (B.E-CSE Cyber Security) — Class Performance Summary
A3: Total Students | B3: =COUNTA(Master!A2:A897) -> 896
A4: Hostellers | B4: =COUNTIF(Master!E2:E897,"Hosteller") -> 433
A5: Dayscholars | B5: =COUNTIF(Master!E2:E897,"Dayscholar") -> 463
A6: Overall Pass | B6: =COUNTIF(Master!AF2:AF897,"PASS") -> 557
A7: Overall Fail | B7: =COUNTIF(Master!AF2:AF897,"FAIL") -> 339
A9: Subject-wise Averages
A10: Subject | B10: Average Mark | C10: Pass % (non-RA)
A11: PDS | B11: =ROUND(AVERAGE(Master!L2:L897),1) -> 74.9 | C11: =ROUND((COUNTA(Master!M2:M897)-COUNTIF(Master!M2:M897,"RA"))/COUNTA(Master!M2:M897)*100,1) -> 93.4
A12: ADS | B12: =ROUND(AVERAGE(Master!O2:O897),1) -> 75.1 | C12: =ROUND((COUNTA(Master!P2:P897)-COUNTIF(Master!P2:P897,"RA"))/COUNTA(Master!P2:P897)*100,1) -> 91
A13: DAA | B13: =ROUND(AVERAGE(Master!R2:R897),1) -> 76 | C13: =ROUND((COUNTA(Master!S2:S897)-COUNTIF(Master!S2:S897,"RA"))/COUNTA(Master!S2:S897)*100,1) -> 93.8
A14: DBMS | B14: =ROUND(AVERAGE(Master!U2:U897),1) -> 75 | C14: =ROUND((COUNTA(Master!V2:V897)-COUNTIF(Master!V2:V897,"RA"))/COUNTA(Master!V2:V897)*100,1) -> 91.9
A15: AJP | B15: =ROUND(AVERAGE(Master!X2:X897),1) -> 75.4 | C15: =ROUND((COUNTA(Master!Y2:Y897)-COUNTIF(Master!Y2:Y897,"RA"))/COUNTA(Master!Y2:Y897)*100,1) -> 92.6
A16: OOPS | B16: =ROUND(AVERAGE(Master!AA2:AA897),1) -> 75 | C16: =ROUND((COUNTA(Master!AB2:AB897)-COUNTIF(Master!AB2:AB897,"RA"))/COUNTA(Master!AB2:AB897)*100,1) -> 91.4
